text,class
answer  hate  campaigns  fake  news,neg
listen  deafening  roar  kakinada  \n\nanymore  doubts  yellow  army,neg
blisten  deafening  roar  kakinada  \n\nanymore  doubts  yellow  army,neg
exploits  caste  based  society  zenithhe  playing  caste  card,neg
andhra  pradesh  deserves  clean  water  better  standard,pos
tdp  cant  even  win,neg
sir  seen  meeting  today  looks  like  times,pos
bvote  fan,pos
time  show  love  respect  towards  democracy,pos
defeat  amul  baby,neg
truth  powerful  prevail\n\ntime  uproot  lied  you\n\ntime  uproot,pos
exercise  right  vote  send  back  ruthless  yellow  baffoons  deceived,neg
welcomes  \nhe  man  rewrite  fate,pos
bwe  seen  historically  truth  obscured  never  lose  compulsive  congenital,pos
vote  fan  symbol  april  th,pos
welcomes  \nhe  man  rewrite,pos
going  play  crucial  role  central  government,pos
navaratnalu  guys  plz  spread  much  make  know  leader,pos
fight  cbn  &amp  coterie  one  side  people  andhra  defeat  coterie  preordained,neg
bwe  going  play  crucial  role  central  government,pos
blown  trumpets  battle  on\n\nthe  truth  always  stronger  people  stand  fight,neg
bnavaratnalu  guys  plz  spread  much  make  know  leader,pos
ysjagan  hope  ap,pos
jaggaiahpet  constitutional  social  media  active  members,pos
chandra  babu  naidu  agrees  compromised  case  left  agreement,pos
seen  historically  truth  obscured  never  lose  compulsive  congenital  liar  &amp,pos
welcome  garu  join,pos
exploits  caste  based  society  zenithhe  playing  caste  card,neg
going  let  cbn  eat  andhra  bit  bit  crony  gang  make  sure  cbn  routed  elections  &amp  andhra,pos
ysjagan  hope  ap,pos
india  tvcnx  opinion  poll  shows  crush  tdp  time  mps  become  strongest,pos
exactly  month  go  elections  \nget  ready  ysrcp  voters,pos
bexactly  month  go  elections  \nget  ready  ysrcp  voters,pos
dont  want  andhra  pradesh  \n\nwe  need,neg
bchandra  babu  naidu  agrees  compromised  case  left  agreement,pos
bindia  tvcnx  opinion  poll  shows  crush  tdp  time  mps  become  strongest,pos
vote  fan,pos
vote  better  future  bitter,pos
bvote  better  future  bitter,pos
bjaggaiahpet  constitutional  social  media  active  members,pos
bvote  fan,pos
qualified  sincere  courageous  candidates  service  symbol  vote  elect,pos
bqualified  sincere  courageous  candidates  service  symbol  vote  elect,pos
history  witness  \nhistory  forgive,pos
remember  made  us  suffer,neg
blast  past  cbn  used  lick  modis  ass  everyday\n\nno  space,neg
tdp  sucking  happiness  peoples,pos
bvote  fan  symbol  april  th,pos
"b ""tdp  sucking  happiness  peoples",pos
"b ""blast  past  cbn  used  lick  modis  ass  everyday\n\nno  space",neg
bhistory  witness  \nhistory  forgive,pos
bremember  made  us  suffer,neg
need  cm  like,pos
bwe  need  cm  like,pos
bandhra  pradesh  deserves  clean  water  better  standard,pos
andhra  see  new  dawn  andhrites  longer  tolerate  oppressive  divisive  corrupt  lying  govt  dawn,neg
rule  regime  people  disastrous  policies  unplanned  acquisitions  created  hatred  among,neg
"b ""amul  baby  getting  rich  fat  one  month  lets  give  reasons  get",pos
"b ""we  dont  want  andhra  pradesh  \n\nwe  need",neg
"b ""tdp  cant  even  win",neg
bysjagan  hope  ap,pos
bysjagan  hope  ap,pos
bare  going  let  cbn  eat  andhra  bit  bit  crony  gang  make  sure  cbn  routed  elections  &amp,pos
bfight  cbn  &amp  coterie  one  side  people  andhra  defeat  coterie,neg
btruth  powerful  prevail\n\ntime  uproot  lied  you\n\ntime  uproot,pos
bwe  blown  trumpets  battle  on\n\nthe  truth  always  stronger  people  stand  fight,neg
bandhra  see  new  dawn  andhrites  longer  tolerate  oppressive  divisive  corrupt  lying,neg
brule  regime  people  disastrous  policies  unplanned  acquisitions  created  hatred,neg
bwe  seen  historically  truth  obscured  never  lose  compulsive  congenital,pos
dont  want  trust  anybody  already  lost  years  coverage,neg
"b ""ill  happy  seats  tdp  ysrcp  given  people  cases",pos
bhow  desperate  meeting  empty,neg
ok  sir  still  working  social  media  group  tq  sir,pos
"getting  sets  get  next  sets  also  dont  give  chance  bubu  fit  cm  one  worste  fellow """,pos
dream  become  possible  meeting  proved  crowds,pos
yes  sir  ut  true,pos
"b ""lets  bring  back  welfare  development  era  ray  hope",pos
malli  meray  cm  sir  best  cbn  sir,pos
wishing  happy  th,pos
yes  sir,pos
tdp  workers  next  days  month  crucial  andhra  pradesh  &amp  india  fight  corrupt  leading  highly  insecure,neg
vote  fan,pos
want  change  entire  police  system,pos
best  luck  anna,pos
political  win  elections  welfare  ap  people  \n\nretweet,pos
waiting  hilarious,pos
like  fatheru  father  polavarm  project  want  complete,pos
hope  fair  elections  happen  change  happen  sir,pos
"sir  youre  great  leader  india """,pos
cm  cyber  criminal  mastermining  data  theft  involving  citizens  personal  information,neg
hey  running  news  channels  seen  saying  bring  corruption  free,pos
bthanks  place  edaina  reason  edaina  peru  chepagane  vache  response  mass  hysteria,neg
hope  also  win  like  power  true  leader  ap  much  needed,pos
status  attack  case  still  actions  culprits,neg
man  high  intension  serve  people  well  planned  welfarecommitment  dedicationcredibility  made,pos
ysrcp  sweeps  entire  yellow  batch  vote  fan,pos
bwho  best  cm  ap  elections,pos
hi  sir  name  prakash  want  youth  farmers  leading  said,pos
lagadapati  tried  take  people  ride  predicting  win  tdpcongress  combine  telangana  elections,pos
anna  please  give  mla  seat  thippareddy  madanapalle  please,pos
andhra  pradesh  cm  destroyed  every  single  institution,neg
sure  anna,pos
anna  fought  critical  conditions  also  dont  want  leave  leader,neg
elections  two  political  fight  credibility  fight,neg
please  meetings,pos
anna  please  confirm  seat  ashok  babu  garu  kondapi  constituency,pos
india  tvcnx  opinion  poll  shows  crush  tdp  time  mps  become  strongest,pos
cbn  matter  sure  andhra  develops  selfless  good,pos
"b ""my  dear  leaders  getting  position  would  teachers",pos
govt  schemes  like  pradhan  mantri  fasal  bima  yojana  &amp  soil  health  card  along  initiatives,pos
april  th\nvote  fan,pos
"wait  see  dont  forget   """,pos
respected  andhra  people  please  vote  fan  fan  fan  fan,pos
jagan  laksha  kotlu  dochukunadu  nevey  cheppavu  marla  help  cheyadam  emiti  talking,pos
dream  become  possible  kakinada  meeting  proved  crowds,pos
hope  come  andhra  next  cm,pos
ru  combined  kcr  true  done  ru  blaming  cbn  theif  main  theif  ur,neg
seen  chandrababu  naidu  shifting  stand  issues  past  years  assure  navaratnas,pos
please  inject  deeply  going  pension  scheme\nmany  people  aware  pension  going,pos
sir  feeling  like  every  body  done  past\n\nfrom  years  sold  ap  mla  &amp,pos
beautifully  fabricated  lies,pos
"b ""cm  cyber  criminal  mastermining  data  theft  involving  citizens  personal  information",neg
dream  become  possible  kakinada  meeting  proved  crowds,pos
dream  become  possible  meeting  proved  crowds,pos
kcr  jagan  batch  sheeps  like  ts  pp  yellow  army,pos
bwithout  self  respect  sir  went  kcr  money  tried  sell,pos
bcorrupters  like  cant  even  deserve  opposition  leader  dreaming  cm\n,pos
failed  every  aspect\nnow  even  people  stopped  believing  him\n,neg
bhow  desperate  meeting  empty,neg
bthe  man  high  intension  serve  people  well  planned  welfarecommitment  dedicationcredibility,pos
sure  sir  definitely  utilize  cast  vote  provided  one  submitted  form  us,pos
haha  joker  wants  turn  real  one,pos
hard  work  \ncredibility  \ncharacter  \ncommitment  \nwaiting  anna  era,neg
yes  people  ysrcp,pos
good  luck  elections,pos
vote  fan,pos
vote  fan,pos
anna  satish  reddy  california  usa  please  get  communication  email  id,pos
bhow  desperate  meeting  empty,neg
every  single  family  ap  discuss  betrayal  promises  made  corrupt  regime,neg
loanwaiverk  matram  announce  cheyam  anthe  ga  anna  farmers  confused  vote,neg
tdp  video  title  wrong  devineni  cousins  son  devineni,neg
bhow  desperate  conducting  meeting  empty,neg
cm  cyber  criminal  mastermining  data  theft  involving  citizens  personal  information,neg
election  notification  would  send  death  knell  tdp  failed  core  promises  providing  jobs,neg
showing  cruelty  mind,neg
ap  needs  special  category  status  ap  needs  big  bargainer,pos
bitches  gathered,neg
employment  winning  jai  jagan,pos
bha  ha  dedicated  sir  merento  google  kuda  thelusipoindhi,pos
future  future  wise,pos
fair  sound  good  ur  side,pos
cr  deposited  farmers  accounts  last  phase(  th  &amp  th  phase)  govt  fulfilled,pos
"sir  doubt  next  cm  god  andhra  peoples  blessings  jai  jagan """,pos
section  media  parrots  lies,neg
andhra  cm  betrayed  every  single  social  group,neg
cm  desperately  trying  delete  names  voters  electoral  rolls  nominated  offender,neg
people  ap  wary  lagadapatis  fake  surveys  yellow  media  campaign,neg
special  year  year\npolling  date  \nso  success,pos
sure  sir  \nthank  sir,pos
cleared  ap  govt  clean  chit  case  slams,pos
need  take  necessary  action  issue  fan  ex  cm  want  become,pos
high  time  interacts  often  media  special  interviews  reach  maximum  people  public,pos
dear  sir  self  vamsi  kanth  reddy  guntur  sir  courier  business  guntur  noticed,pos
dear  garu  \n\nis  true  co  investing  heavy  rig  ap  polls  like  allegedly  tg  elexn,pos
jai  jagan  anna  thanks  yeswath,pos
ysrcp  ensure  transparent  governance,pos
controversial  comments,neg
jagan  field  petition  high  ban  helicopter  symbol  rejected,neg
jagan  field  petition  high  ban  helicopter  symbol  rejected  plea,neg
bfor  better  future  bring  back  golden  era  ysr,pos
banned  helicopter,neg
please  attacking  mode  chey  inka,neg
bvery  special  year  year\npolling  date  \nso  success,pos
hi  sir  iam  delhi  ncr  vote  andhra  could  vote  mandatory  come,pos
cm  betrayed  farmers  name  loan  waivers,neg
best  garu  andhra  pradesh,pos
sure  elect  great  leader,pos
okay  anna,pos
antha  ledule  want  tdp  free  andhra  vote  jagan,pos
ysjagan  anna  reached  venue,pos
yes  anna  coming,pos
good  joke\n\nwhere  tdp  votes  already  deleting  using  form  illegally  ysrcp\n\nmalli  deniki  fair  etc,pos
edge  win  anna  always  believe  favour  public  genuinely,pos
vote  fan  sir,pos
dear  \n\ndont  loop  ap  bloody  plots  ap  shake  hand  big  nose  family,pos
jai  jagan  fight,neg
"b ""once  breaking  news  scrolled  regarding  women  harassment",neg
polavaram  project  progress  beyond  foundation  stones,pos
sir  ur  inspiration  young  youth  jay  ho  sikkolu  muddu  bidda,pos
respected  sir  please  tell  runamafi  farmers  rupees  acer  farmers\n\nthanking,pos
bwe  seen  chandrababu  naidu  shifting  stand  issues  past  years  assure,pos
meeru  free  medical  free  education  every  citizen  ani  cheppandi  sir  anni  votes  meeke  guddu,pos
note  thief  nuvve  vote  thief  bayata  tiragadam  democracy  ki  muppuafter,neg
well  said  sir,pos
bthe  election  notification  would  send  death  knell  tdp  failed  core  promises  providing  jobs,neg
bdear  garu  \n\nis  true  co  investing  heavy  rig  ap  polls  like  allegedly  tg,pos
bandhra  pradesh  cm  destroyed  every  single  institution,neg
dear  &amp  gang  \n\ni  appreciate  universal  data  safety  guts  please  take,pos
"b ""people  ap  wary  lagadapatis  fake  surveys  yellow  media  campaign",neg
bcos  frank  successfully  recognized  social  segments,pos
blagadapati  tried  take  people  ride  predicting  win  tdpcongress  combine  telangana,pos
bdear  &amp  gang  \n\ni  appreciate  universal  data  safety  guts  please,pos
"b ""there  section  media  parrots  lies",neg
pleasure  sir  coming  cm  sir  safe  ap,pos
hope  got  banned  shame,neg
also  fight  tdp,neg
ok  brothersure  vote  fan,pos
bandhra  cm  betrayed  every  single  social  group,neg
belections  two  political  fight  credibility  fight,neg
bcm  desperately  trying  delete  names  voters  electoral  rolls  nominated  offender,neg
time  change  dps  social  media  campaign  restore  golden  era  \n\nhd,pos
goosebumps  garunteed  \nthat  roar  crowd  \n\nplace  may  change  craze  never,neg
heres  awaited  cdp  social  media  election  campaign  \n\nhd,neg
best  anna,pos
bvote  fan,pos
sir  jagan  guided  like,pos
bvote  fan,pos
bvote  fan,pos
bvote  fan,pos
beware  yellow  media  lagadapati  fake  surveys,neg
bbjp  channel  survey  clearly  showing  sharp  fall  ysrcp  one  month  period,pos
garu  giving  mla  ticket  muslim  candidate,pos
"b ""cm  cyber  criminal  mastermining  data  theft  involving  citizens  personal  information",neg
bpolavaram  project  progress  beyond  foundation  stones,pos
bkind  request  side  ever  want  decision  praise  one,pos
try  convince  make  alliance,pos
bbeware  yellow  media  lagadapati  fake  surveys,neg
bvoting  jagan  like  voting  kcr  ||  ||  ||,pos
time  rage  tag  celebrate  jananetha  th,pos
bcm  pledging  interest  state  selfish  ends  urge  workers  educated,neg
bevery  single  family  ap  discuss  betrayal  promises  made  corrupt,neg
bysrcp  ensure  transparent  governance,pos
bcm  betrayed  farmers  name  loan  waivers,neg
byou  stood  like  rock  past  nine  years,pos
brajanna  rajyam  alone  usher  welfare  governance,neg
bcorrupt  tdp  buried  good,pos
guess  winning,pos
"im  praying  god  definitely  win  best """,pos
anyway  best  second,pos
enroll  ensurewhile  make  sure  get,pos
well  tdp  interested  kg  districts  never  care  uttarandhra,pos
"b ""ys  jagan  described  chandrababu  cyber  criminal  masterminding  data  theft  involving  citizens  personal",neg
jagan  garu  careful  friends  already  many  people  ditch  whatever  pretending  fraud,pos
best  anna  vote,pos
byreddy  reddy  oora  mass  leader  avthaadu  years  age  lo  ah  speeches  clarity  issues  kurnool,pos
antha  ledule  want  tdp  free  andhra  vote  jagan,pos
sir  please  rise  voice  agri  gold  akshya  gold  scam  people  lost  money,neg
sir  definitely  check,pos
dear  ap  peoples  \nplease  dont  confusion  ap  ne  abhivrudhi  chayyani  govtoka,pos
compare  hard  work  done  cbn  development  new  state,neg
controversial  comments  pawan  kalyan  election  appeal,neg
nexus  clearly  established  vote,pos
super,pos
best  luck  jagan  anna\nvote  fan\njii  jagan,pos
like  jagan  \nretweet  ktr\n,pos
please  stop  nonsense  allegations  want  know  development  strategies,neg
already  strongly  decided  vote  waiting  counting,pos
fake  news  spread  cheyadam  lo,neg
message  giving,pos
amanchi  krishna  mohan  mla  contestant  ysrcp  chirala  people  wl  free  fair  elections  anna,pos
ok  sir\nwishing  congrats  advance  sir,pos
anna  win  elections  bring  rajanna  rajyam  anna  eagerly  expecting,pos
get  ready  narasura  vadha  th  april,pos
sir  please  look  forward  issue,pos
vote  fan,pos
tributes  sri  potti  sriramulugaru  whose  willpower  determination  realised  state  andhra  pradesh,pos
bi  win  mp  &ampmla  seats  cleanship  andrapradesh  want  ofap\nthumma  mallesh  (sama,pos
anna  dreams  two  anna  one  became  cm  second  one  became  government  job  holder,pos
nothing  wrong  submitting,pos
want  ys  jagan  anna  cm  ap,pos
cbn  ran  oppressive  regime  treated  people  enemies  ysrcp  usher  new  govt  leadership,neg
news  going  viral  giving  special  status  ap,pos
ysr  congress  led  would  win  lok  sabha  seats  (out  total  )  andhra  pradesh,pos
please  provide  online  centre  mandal  centre  check  vote  free  cost  members,pos
ap  never  power  deficit  statewe  capable  giving  power  \nplease  retire,pos
chance  ye  ledhu  alone  gonna  clean  sweep  thos  time,pos
shame  mr  never  assembly  yrs  getting  ready,neg
anna  say  thanks  election  commission\nvoting  day  th  aprilwhich  thursday\nso  vote  go,pos
yes  sir,pos
jagan  sir  dont  give  mla  ticket  anna  ram  babu  bloody  cheater  think,neg
ap  never  power  deficit  statewe  capable  giving  power  \nplease,pos
rip  prasanth  miss,neg
sure  bro  ready  fight  cbn  april,pos
crisp  clear  anf  point  pain  loosing  ycp  votes,neg
jumping  leaders  ki  ground  level  ardam  ayindi  sari  aa  ani  winning  ani,pos
youre  fighting  save  pappus  career  cbns  crimes,pos
anna  please  send  cadre  every  house  let  check  instantly  vote  availability  &amp,pos
candidates  criminal  antecedents  declare  cases  occasions  newspapers  cec\n\narey  mee,neg
best  garu  future  role  leader  opposition  hope  grace  swearingin  ceremony,pos
please  cooperate  btech  students  jagan  sir,pos
best  mr  naidu  garu,pos
joke  year,pos
love  anayou  true  leaderall  lechi  povali  fan  speed  ki,pos
bhigh  chances  people  around  eat  money  guess  select  good  people  else  history  repeat,pos
hard  bargainer\n\nthe  leader  opposition  andhra  pradesh  assembly  declared,neg
overall  wellbeing  siciety  going  take  care  every  aspect  women  safety  housing,pos
"please  dont  waste  time """,pos
jai  jagan  anna  god  blessed  brother\n  deserved  cm  ap,pos
wish,pos
telugu  speaking  people  loves  mr  ali  garu  happy  take  good  decision,pos
please  save  land  narasimhulu,pos
jagan  ap  cm  \nits  damm  sure,pos
nice  kuy  kyu  kuy  sound  kakainada  sankaravam  good  also  nice  speech  tdp  like  speech  today,pos
elected  young  dynamic  leader  days  young  cm,pos
bysjagan  anna  reached  venue,pos
bif  time  limited  would  rather  choose  vehicle  bus  reach  tribal  villages,neg
bysr  congress  led  would  win  lok  sabha  seats  (out  total  )  andhra,pos
per  prediction\n\nnda  \nupa  \nother  \naap  \n\nwill  lose  deposit  seats,neg
reflection  widespread  acceptance,pos
ys  jagan  clean  person  friend  politicians  corrupt,pos
promised  taking  break  job  spend  time  campaigning  namo  bjp  give  entire  time,pos
"b ""it  reflection  widespread  acceptance",pos
magunta  win  mp  ongole  joins  ysrcp,pos
ysrcp  kakinada  samara  sankharavam  (  election  kickoff  meeting  )  disappointing  attendance  terms  crowd  \n\nin,neg
bone  thing  sure\nif  lose  pretty  sure  end  one  longest  indian  political,pos
spoke  exclusively  india  todays  accusations  leveled  telugu  desam,neg
owaisi  says  trs  ysrcp  congress  post  election  \ni  think  \n\nif  congress  wins,pos
way  hell  trs  telangana  going,neg
wonder  ap  people  favouring  ysrcp  janasena  bjp  done  good,pos
"b ""veteran  telugu  comedian  actor  ali  joins  ysrcp  says  willing  contest  vijayawada  rajahmundry",pos
kkd  mp  ysrcp  candidate  neggali  candidate  hoping  best,pos
great  need  free  fair  elections  enroll  ensure  vote  april  th  polls  exercise,pos
bso  owaisi  says  trs  ysrcp  congress  post  election  \ni  think  \n\nif  congress  wins,pos
poor  family  naku  brathakalani  chala  asha  amma  anevadu,neg
poor  family  naku  brathakalani  chala  asha  amma  anevadu,neg
dear  sir  concern  ap  madakasira  constituency  ysrcp  base  level  nd  level  cader,pos
tdp&amp  ysrcp  openly  clear  stand  setting  nuclear  plants  uttaranandra  &amp,pos
bkkd  mp  ysrcp  candidate  neggali  candidate  hoping  best,pos
pawan  kalyan  poonam  panday  circulating  phone  recordings  absolutely  fake  \n\ncheap  publicity  ysrcp,neg
young  leaders  ram  mohan  naidu  &amp  vijay  chintakayala  surprised  everyone  oratory  skills\n\nnow,pos
bwhich  powerful  \nkaushal  army  effect  janasainiks  votes,pos
ground  level  anger  social  mediathen  ysrcp  touch,neg
young  leaders  ram  mohan  naidu  &amp  vijay  chintakayala  surprised  everyone  oratory  skills\n\nnow,pos
hyderabad  telugu  actor  comedian  ali  joins  ysrcp  presence  president  ys  jaganmohan  reddy,pos
still  fight  kohinoor  diamond  &amp  lord  balaji  pink  diamond  &amp  valuable  jewellery  missing  come,pos
entire  nation  closely  watchinghow  tdp  &amp  ysrcp  respond  ttd  jewels  robbery  issue  whoever  robbed,pos
think  trs  ysrcp  also  align  nda  pretty  openly,pos
wishing  brother  luck  political  journey,pos
bro  please  share  video  whatsapp  \nmy  number,pos
jagan  mohan  reddy  meeting  said  win  provide  navaranas  public  felt  provide,pos
bhas  blamed  yet  ali  joining,neg
ysrcp  yuvajana  sramika  rythu  congress  th  strongest  country,pos
bpeople  met  unanimously  told  win  timebut  gut  feeling  win,pos
yes  absolutely  director  namo  asst  director  kcr  ysrcp  child,pos
\ntadisetty  brothers  ysrcp  lo  join  ayithe  guntur  east  guntur,pos
\ntadisetty  brothers  ysrcp  lo  join  ayithe  guntur  east,pos
"btdp  leader  andhra  minister  spoke  extensively  said  sure   """,pos
sure  vote,pos
advised  ride  bicycle  drink  tea  hot  summer\n\nswitch  fan  leave  rest,pos
bif  &amp  alliance  would  worst  fans  &amp,neg
happy  scape  goat  list  swalloed  kcr  congress  ou,pos
ap  elections  \n\na  clear  choice  between\n\npeoples  leader  vs  peoples  cheater\n\ndevelopment  vs,pos
bysrcp  take  precautions  leakages  voting  one  thing  confidence  brings  loss,pos
disastrous  years  govt  lies  fools  ap  &amp  people  drop  hat  without  even  batting,neg
famous  telugu  comedian  ali  joined  ysrcp  today  likely  contest  elections,pos
using  police  embracing  extra  judicial  tactics  tdp  data  stolen  handed  ysrcp,neg
bts  people  always  want  peaceful  relations  neighbors  existing  ap  leadership  completely  working,pos
yes  sir\n\nand  best  sir\nmy  family  praying  \nand  take  care  campaign,pos
please  check  votes  deleted  recent  mess  days  remaining  register,neg
bi  wish  janasena  focus  strongly  selected  seats  mps  make  sure  candidates  strong,pos
\ntime  win  better  future  andhra,pos
\ntime  win  better  future  andhra,pos
\n\nget  ready  andhra  pradesh  new  era  welfare,pos
strengthen  aarogyasri  programme  clearing  debts  hospitals  man  house  suffering,neg
bhayya  indulo  except  vijayawada  migatavi  doubt  bhayya  seats  much  negativity,neg
winning  time,pos
bhayya  indulo  except  vijayawada  migatavi  doubt  bhayya  seats  much,neg
ysrcp  front  foot  \n\ntdp  gain  slightlt,pos
"telangana  friends  voted  trs  ts  assembly  elections  saying   ""ap  lo  cbn  malli  rakapothe   ""khatam """,pos
nice  onebut  edit\nboy  jana  sena  fans\negg  targeting  ysrcp\ntray  jana  sena,pos
came  darsi  annakosam  team  went  rajampalle  village  need  one  update  please  call,pos
"ball  telangana  friends  voted  trs  ts  assembly  elections  saying   ""ap  lo  cbn  malli  rakapothe",pos
thats  probably  true  doesnt  explain  genuine  fan  ntr,pos
huge  difference  tdp  ysrcp  january  tdp  ahead  ysrcp,pos
fight  untundhi  btw  jsp  ysrcp  antunna  anthe,neg
bysrcp  kakinada  samara  sankharavam  (  election  kickoff  meeting  )  disappointing  attendance  terms,neg
hoping  ysrcp  listen  shift  tdp,pos
guntur  west  former  mla  thadishetty  venkat  rao  join  ysrcp,pos
bwishing  brother  luck  political  journey,pos
finally  repiblic  tv  showing  survey  tdp&gt  ysrcp  much  add  tdp  please,pos
bgiving  big  jolt  noted  comedian  ali  joined,pos
bhowmany  times  join,pos
guntur  west  former  mla  thadishetty  venkat  rao  join,pos
"b ""i  bigger  disagreements  indias  fraudsecularists  (congressspbspjdujdstdpysrcpncp)  treating",neg
inner  feeling,pos
bpopular  actor  &amp  comedian  ali  joins  today,pos
bpopular  actor  &amp  comedian  ali  joins  today,pos
hyderabad  telugu  actor  comedian  ali  joins  ysrcp  presence  president  ys  jaganmohan  reddy\n\n(news  agency,pos
bjana  sena  headed  actor  pawan  kalyan  lagging  way  behind,neg
political  heat  andhra  \nthe  main  fight  tdp  ysrcp  \ntough  fight  cake  walk,neg
needs  keep  old  friends  close  like  bihar  maharashtra  also  needs  strong  alliance  states,pos
dear  sir  voter  ids  removed  conformed  many  people,pos
ball  ysrcp  mp  seats  addition  kcr  ysrcp  reduced  zero\nap  vote  wisely,pos
fake,neg
\n\nsince  personal  analysis  andra  pradesh  &amp  shared  results  regular,pos
bali  joins  ysrcp  |  comedian  ali  speaks  media  joining  ycp  |  via,pos
sir  please  think  \nkurupam  constituency  ysrcp  candidates  celebrating  \nbecause,pos
bbhai  actually  mr  owaisi  want  bjp  centre  bus  trs  ysrcp  toh  aaisay  hi  badnaam  hai,pos
bwow  shake  raj  leg  dance,neg
kurupam  constituency  ysrcp  candidate  celebrating  janardhan  thatraj  chosen  tdp,pos
serious  ap  ceo  gopalakrishna  scrutinised  lakh  voter  deletion,neg
still  remains  seen  extend  data  theft  scam  would  impact  upcoming,neg
bit  still  remains  seen  extend  data  theft  scam  would  impact  upcoming,neg
bit  reaction  antiincumbency  prevalent  everywhere  supremo  perhaps,pos
"b ""andhra  pradesh  chief  minister  uturns  politics  deception  created  tidal  wave  resentment",neg
contest  andhra  directly  ysrcp  anyhow  trs  dangerous,neg
comedian  friend  joined,pos
btdp  mp  wife  assured  ysrcp  tickets,pos
today  got  call  ysrcp  office  mob  never  required  callspls  stop,pos
"b ""ys  jagan  welcomed  ali  ysrcp  formers  residence  hyderabad",pos
bveteran  telugu  comedian  actor  ali  joins  ysrcp  says  contest  vijayawada,pos
bpolitical  heat  andhra  \nthe  main  fight  tdp  ysrcp  \ntough  fight  cake  walk,neg
ready  sir\nall  ysrcp  young  stars  every  time  think  coming  elections,pos
santhiramudu  president  ap  private  engineering  colleges  management  association  released  press  statement  condemn,neg
bformer  apiic  chairman  shivarama  subramanyam  joins  ysrcp  watch  exclusive  &gt,pos
comedy  joined  today\nhe  met  lotus  pond,pos
true  nature  ysrcp  leaders  people  killed  ysr  cm  bjp  want  tie,neg
btelugu  comedian  ali  joined  monday  presence  president,pos
gives  big  shock  joins  tollywood  video  channel,neg
gives  big  shock  joins  tollywood  video  channel,neg
gives  big  shock  joins  tollywood  video  channel,neg
advised  ride  bicycle  drink  tea  hot  summer\n\nswitch  fan  leave  rest,pos
bveteran  telugu  comedian  actor  ali  joined  ysr  congress  (ysrcp),pos
\n\nanother  big  shock  tdp  |  mp  thota  narasimham  join,neg
welcome  ysrcp  family,pos
bysrcp  leader  shekar  reddy  speech  |  bc  garjana  |  watch  exclusive  &gt,pos
nothing  wrong  infact  actual  figure  may  tdp  ysrcp  pin  tweet,pos
"b ""ali  garu  please  correct  ur  words  talking  jagan  didnt  dun",pos
mercy  working  hrs  coming  hurdles,pos
bys  jagan  accepting  defeat  election,neg
actor  however  remains  indecisive  plans  contest,neg
atleast  jagan  heard  problem  cbn  ktr  othersdidnt  reply  understand  problem  jagan,neg
"b ""ali  garu  pls  correct  ur  words  speking  jagan  didnt  dun  know",pos
"b ""veteran  telugu  comedian  actor  ali  joins  says  \willing  contest",pos
dont  forget  give  vote  ysrcp,pos
bmake  sure  everyone  spreading  ideology  janasena  mainfesto  janasena  public  buy,pos
"b ""we  want  join  ysrcp\nwe  means  half  villagers """,pos
bthe  actor  however  remains  indecisive  plans  contest,neg
within  days  ysrcp  seat  share  fell  congress  vote  share  joke  wont,pos
best  elections\n\ndefinitely  win  elections  doubt,pos
ba  sought  actorcomedian  ali  tollywood  finally  made  mind  join  ysr  congress  may,pos
btdp  list  east  godavari  looks  like  mr  thota  moving  ysrcp  (sources),pos
yes  people  missing  )  ysrcp  performance  interesting  see,pos
yes  people  missing  )  ysrcp  performance  interesting  see,pos
bthe  biggest  loser  elections,neg
"b ""ali  dont  put  ur  self  giving  cheap  &amp  stupid  statementsall  respect  live  thatu",pos
official\n\nmagunta  srinivasulu  reddy  resign  tdp  join  ysrcp,neg
btollywood  comedian  ali  joins  ysrcp  may  contest  deccan  herald,pos
ap  youthful  sincere  restless  politician,pos
couple  weeks  back  said  looking  one  sided  played  safe  revealing,pos
\none  thing  already  blocked  person  another  account  deviating  analysis,pos
\none  thing  already  blocked  person  another  account  deviating,pos
make  bjp  relevant  elections  ap  bjp  leaders  promise  populist  schemes,pos
"b ""it  advised  ride  bicycle  drink  tea  hot  summer\n\nswitch  fan  leave  rest",pos
nothing  matter,neg
gonna  win  time,pos
voter  quiz  ()\nafter  declaration  results  constituencies  authority  constitute,pos
pls  vote  ysrcp,pos
early  elections  evarki  advantage,pos
bwho  win  time  andhra  election,pos
time  people  andhra  pradesh  ready  give  minimum  seats  disturbed  sense,neg
bthis  time  people  andhra  pradesh  ready  give  minimum  seats  disturbed,neg
congratulations  \nanna  \nmy  family  votes  friends  votes  anna  \nall  votes  ysrcp  onely  \njai  ysr  jai  jagan,pos
total  ap  clean  swipe  ysrcp  jagan  anna,pos
taste  everything  beautiful  rallies  houses,pos
elections  ap  get  good  government  (ysrcp)  farmers  govt  jai  ysr,pos
spoken  local  cadre  tdp  ysrcp  janasena\n\nall  said  shocked  came  know,neg
bdear  ali  garu  congrats  joining  ysrcp,pos
never  vote  tdp  (unless  ntr  )  looking  election  obvious  choice  worked  hard  &amp,neg
kakinada  youth  ready  create  new  sensation  kakinada,pos
bandhra  famous  comedian  ali  joined  ysr  congress  presence  ysrcp  chief  jagan  reddy  &amp  contest,pos
"b ""will  never  vote  tdp  (unless  ntr  )  looking  election  obvious  choice  worked  hard  &amp",neg
request  every  person  would  like  see  better  society  vote  ysrcp,pos
bhyderabad  telugu  actor  comedian  ali  joins  ysrcp  presence  president  ys  jaganmohan  reddy,pos
bcbn  ran  oppressive  regime  treated  people  enemies  ysrcp  usher  new  govt  leadership,neg
send  defeat  return  gift  times  india  via,neg
bmassive  shock  tdp  devineni  sibling,neg
bsuch  shame  anna\nas  dongala  tho  kalisi  meeru  mee  credibility  pogotukuntunnaru,neg
bhyderabad  mar  (gccurrentaffairs)  popular  film  comedian  ali  joined  ysr  congress  (ysrcp),pos
kick  bloody  called  national  hindi  south  india  vote,neg
telugu  actor  comedian  joins  presence  president  ys  jaganmohan  reddy,pos
bi  spoken  local  cadre  tdp  ysrcp  janasena\n\nall  said  shocked  came,neg
time\nelection  structure\nnotification  march\nnomination  last  date  march  \nnomination  withdrawal,pos
"lord  ganesha\s  blessings   ""ysrcp ""  \leader\  shree  jagan  mohan  reddy",pos
criticalbrain  ali  popular  film  actor  joined  ysrcp\n\nfor  surprise\n)he  met  cbn  jagan  pawan\n)tdp  joining  almost,pos
\nuse  throw  view\n\n  lo  film  actors\nrajavijay  anandh\n\nin  \n\nalikrishnuduprudvi\nall  best,pos
|  telugu  actor  comedian  ali  joins  ysrcp  presence  president  ys  jaganmohan,pos
|  telugu  actor  comedian  ali  joins  ysrcp  presence  president  ys  jaganmohan,pos
meet  mr  ashok  garu  retired  irs  employee  probably  ysrcp  kakinada  mp  candidate  wishing  good  luck,pos
mlas  declared  criminal  mlas  declared  criminal  cases\nout  mlas  members,neg
agree  bro  selective  casteism  ap  causes  win  people  losing,pos
want  vote  corruption  like,pos
welcome  ali  garu,pos
mlas  declared  criminal  mlas  declared  criminal  cases\nout  mlas,neg
viral  hell  spread  videos  (audiovideo)  every  nook  corner,neg
congrats  power  year,pos
ysrc  &amp  jagan  anna  please  meetings  around  amaravati  dreamed  capital,pos
yes  chandrababu  corruption  son  brandambesdar,pos
agree  called  blind  mind  set  believe,neg
thank  early  reply  sir  hope  people  wont  miss  credible  leaders  like,pos
really  sir  babu  waste  gadu,neg
bthanks  giving  publicity  appreciate  ur  much  ur  may  rd  ys  jagan  wl,pos
welcome  alie  anna,pos
lost  original  voter  id  cardhow  get  original  voter  id  card,pos
bwhen  independent  new  agencies  tweet  news  opposition  responsible  citizen  please  like  \n\nit  sends,pos
ha  ady  ly  bromay,pos
bi  win  mla&ampmp  seats  cleanship  andrapradesh  \nthumma  mallesh  (sama  samaaja  pari  rashkana,pos
ok  mp  candidate  idea  bro,pos
super  strong  seats  expect  cheyyochu,pos
anna  please  send  cadre  every  house  let  check  instantly  web  site,pos
bone  one  number  one,pos
jagan  corrupt  also  caught  camera  asking  money  assuring  political,pos
help  one  valid  reasony  one  vote  failed  student,neg
help  one  valid  reasony  one  vote  failed  student,neg
serve  people  definitely  give  chance  otherwise  possible,pos
days  elections  dear,pos
going  boomerang  games  well  understood,pos
running  fan  hours,pos
welcome  ali  garu,pos
welcome  sir,pos
constituency  wise  profile  pic  candidate  symbol  release,pos
vote  fan,pos
congrats  followers  bro,pos
bconstituency  wise  profile  pic  candidate  symbol  release,pos
"b ""please  dont  go  want  save  democracy",neg
worst  government,neg
btoday  annaya  good,pos
bdays  motivated,pos
best  garu  april  election  leaders  &amp  cadres  take  navaratnaalu  &amp,pos
working  president  pls  look,pos
get  ready  warriors  timeno  restwork  hardcampaign  every  located  talk  neutral  people  tell,pos
bget  ready  warriors  timeno  restwork  hardcampaign  every  located  talk  neutral  people,pos
bget  ready  warriors  timeno  restwork  hardcampaign  every  located  talk  neutral  people,pos
ycp  next  real  next  real  hero  ysjagan  real  hero  next  cm  next  ycp  real,pos
sure  bro  also  work  day  night  jagan  anna  elections  complete,pos
seriously  joke  surveys  like  etc  predict  either,pos
dear  bhai\n\nyou  telangana  andhra  respectively,pos
bthe  supremo  asked  people  state  exercise  vote  get  names  enrolled,pos
bdear  bhai\n\nyou  telangana  andhra  respectively,pos
ysr  fan  nijsp,pos
instead  banning  accepted  criticism  improved  performance,pos
go  \ntime  defeat  fascist  regime  \ntime  end  dictatorship,neg
war  ap  \none  sided  \nppl  decided  vote  years  back  big  way  \nno,neg
nice  song,pos
ap  saved  jagan  anna  corruption  babu  thats,pos
vote  fan,pos
super  song,pos
nice,pos
super,pos
good  song,pos
superb,pos
super,pos
best  jagan  bhai,pos
yes  correct,pos
super  song,pos
nice,pos
vote  fan,pos
like,pos
super,pos
hard  work,neg
like,pos
best  garu  april  election  leaders  &amp  cadres  take  navaratnaalu  &amp,pos
brequesting  give  give  mpmla  seats  candidates  join  last  minute,pos
role  kcr  want  play  ap  except  destroying  ap  state  siphoning,neg
get  ready  warriors  timeno  restwork  hardcampaign  every  located  talk  neutral  people,pos
bgo  \ntime  defeat  fascist  regime  \ntime  end  dictatorship,neg
telugu  actor  comedian  ali  joins  presence  president  ys  jaganmohan,pos
cvoter  survey  maro  sari  flop  avvabotundijsp  get  mp  seats  pakka,neg
bviral  hell  spread  videos  (audiovideo)  every  nook,neg
sure  bro  also  work  day  night  jagan  anna  elections,pos
hope  ys  jagan,pos
good  decision  \none  seat  confirmed  garu  \nif  fellow  given  guntur  ticket,pos
"dont  want  corrupt  leader\n\nwe  need  correct  leader  cbn  ap """,neg
ball  best  ali  sure  shot  win  think,pos
cvoter  survey  said  tdp  win  one  reliable  surveyany  ideas,pos
time  dont  miss  target,pos
humble  request  kadiri  voter  regarding  contesting  candidates  please  proper,pos
pity  mr  ali,neg
vote  tdp  lost  andhra  pradesh,neg
super  song,pos
super  song,pos
vote  fan,pos
telugu  actor  comedian  ali  joins  presence  president  ys  jaganmohan  reddy,pos
welcome  ysrcp  ali  gaaru  great  see  political  king  jagan  anna,pos
nice,pos
bbest  wishes,pos
thank  ali  garu  joining  &amp  unconditionally  without  contesting,pos
fan  vote  yeddam  jagan  anna  nu  cm  cheddam,pos
welcome  shridadi  veerabhadrarao  garu,pos
bis  joke  asking  people  check  name  electoral  list  (it  alleged,pos
"enti  reasonvideo  play  cheyyalenu  im  inofce """,pos
pk  ask  ali  friend  pk  without  contesting  election,pos
best  jagan  bhai,pos
jagan  real  hero,pos
welcome  ali,pos
jagan  real  hero,pos
super,pos
superb,pos
please  play  song  going  pracharamjai  jagan,pos
bali  joins  ysrcp  comedian  ali  speaks  media  joining  ycp  |,pos
nice  song,pos
nice  song,pos
super,pos
love  song  jai  jagan,pos
bsurprise  package  super  sir  meeru  super  anthe,pos
"avakasavadhi  evarante  thats  ali  cunning  fellow  janasena  via  tdp  finally  ycp  worst  fellow """,neg
best  luck  ali  sir,pos
ball  best,pos
bexactly  one  month  today  biggest  battle  year  happen  think,neg
good  song,pos
welcome  ysrcp,pos
welcome  ysrcp,pos
best  friend  comedian  ali  joined  today  presence,pos
nice,pos
super  song,pos
super,pos
say  rowdyism  \nsay  slavery  \n\nbring  revolution\nfuture  years\n\ncaste  vote,neg
dialogues  like  ee  sodhi  matalu  vale,pos
best  luck  brother  win  surely  thumping  majority,pos
vote  fan,pos
campaign  future  freedom,pos
friend  chief,pos
bthe  war  ap  \none  sided  \nppl  decided  vote  years  back  big  way,neg
hard  work,neg
bget  ready  warriors  timeno  restwork  hardcampaign  every  located  talk  neutral  people,pos
super,pos
vote  fan,pos
wish  best  andhra  pradesh,pos
ap  saved  jagan  anna  corruption  babu  thats,pos
super  jaijagan,pos
hope  ys  jagan,pos
super  jaijagan,pos
jai  jagan  vote  fan,pos
"b ""this  time  dont  miss  target",pos
jai  jagan  vote  fan,pos
happy,pos
nice  song,pos
vote  fan  \nysrcp,pos
whats  ec  faulty  list,neg
whats  ec  faulty  list,neg
"b ""pks  best  frnd  famous  comedian  ali  joining  hands",pos
vote  fan  \nysrcp,pos
vote  fan,pos
nice  song,pos
nice,pos
voter  republic  tv  okate  prediction  bro  tdp  win  ani,pos
chandrababu  deceived  people  ap  fulfilled  plus  election  promises,pos
criminal  corruption  sympathykutra  years  nunchi  oka  person  opposition  lo  unte  throwing  mud,neg
chandrababu  promised  loan  waivers  farmers  dwcra  women  also  promised  jobs  unemployedhe,pos
chandrababu  naidu  failed  keep  word  people  hence  tdp  election  manifesto  removed,neg
dont  worry  bro  evm  midha  candidates  photo  vesthumaru  ee  elections,pos
\n\nget  ready  andhra  pradesh  new  era  welfare,pos
vote  fan\nvote  freedom  \nvote  future,pos
bvote  fan\nvote  freedom  \nvote  future,pos
bchandrababu  deceived  people  ap  fulfilled  plus  election  promises,pos
bchandrababu  promised  loan  waivers  farmers  dwcra  women  also  promised  jobs,pos
bchandrababu  naidu  failed  keep  word  people  hence  tdp  election  manifesto,neg
bjumping  leaders  ki  ground  level  ardam  ayindi  sari  aa  ani  winning  ani,pos
hard,neg
voter  registration  easy  firsttimers  well  wanting  accommodate,pos
voter  registration  easy  firsttimers  well  wanting  accommodate,pos
ball  best,pos
one  chance  better  future,pos
kick  bloody  called  national  hindi  south  india  vote  strong  leaders  state,pos
battle  aprilbe  ready,neg
bone  chance  better  future,pos
bap  needs  special  category  status  ap  needs  big  bargainer,pos
bwe  kick  bloody  called  national  hindi  south  india  vote  strong  leaders,pos
welcome  ysrcp  family,pos
welcome  gaaru,pos
welcome  gaaru,pos
welcome  gaaru,pos
trending  top,pos
welcome  gaaru,pos
welcome  gaaru,pos
welcome  gaaru,pos
battle  aprilbe  ready,neg
trending  top,pos
people  ap  \nthis  elections  choose  wisely  \nvote  credibility  \nvote  progress  \nvote,pos
one  package  enjoy  realistic,pos
johar  ysrgive  chance  son  great  drrajasekhar  reddy  garu,pos
bgive  one  chance,pos
bget  ready  month  fun,pos
overall  wellbeing  siciety  going  take  care  every  aspect  women  safety,pos
memu  chepedi  ade  one  side  elections  ani\n\n  ysrcp  clean  sweep  absolute,pos
johar  ysrgive  chance  son  great  drys  rajasekhar  reddy,pos
memu  chepedi  ade  one  side  elections  ani\n\n  ysrcp  clean  sweep  absolute,pos
bjohar  ysrgive  chance  son  great  drys  rajasekhar  reddy,pos
bjohar  ysrgive  chance  son  great  drrajasekhar  reddy  garu,pos
lets  give  chance  jagan,pos
"b ""why  silence  many  years  worked  bjp  years  plz  comment  stays  sc  dont  play  cheap",neg
bjohar  ysrgive  chance  son  great  drrajasekhar  reddy  garu,pos
brightly  said  sir,pos
garu  best  youwe  waiting  moment  last  five  years  pray,pos
bmrlokesh  bill  value  parkhyatt  hotel  family  stayed,pos
bthis  come  interest  also  ladies  gone  defaulters  due  elections,pos
hope  ap,pos
ready,pos
"blord  ganesha\s  blessings   ""ysrcp ""  \leader\  shree  jagan  mohan  reddy",pos
bget  ready  warriors  timeno  restwork  hardcampaign  every  located  talk  neutral  people,pos
ball  best  anna,pos
bwe  ready,pos
bpeople  ap  \nthis  elections  choose  wisely  \nvote  credibility  \nvote  progress,pos
bonly  hope  ap,pos
bcountdown  \nvote  fan,pos
best  elections  campaign  annabit  tensedno  problem  victory  yoursbe,pos
finally  election  date  april  th  fan,pos
bfinally  election  date  april  th  fan,pos
want,pos
bwe  want,pos
jai  vote  fan  th  april,pos
bjai  vote  fan  th  april,pos
ball  best  elections  campaign  annabit  tensedno  problem  victory  yoursbe,pos
bbattle  aprilbe  ready,pos
bright,pos
bbattle  aprilbe  ready,pos
mindset  clearly  explained,pos
ys  jagan  hard  settle  anything  less  ap  special  category  status,pos
bthe  hard,neg
bys  jagan  hard  settle  anything  less  ap  special  category  status,pos
fee  reimbursement  comprehensive  fee  reimbursement  scheme  line  late  cm  ysrs  vision  plus  complete  fee,pos
ban  alcohol  ysrcp  promises  put  place  ban  sale  alcohol  across  state  three,neg
think  fake  twitter  trends  would  help  next,neg
welcome  shridadi  veerabhadrarao  garu,pos
bdo  think  fake  twitter  trends  would  help  next,neg
wow  request  ravi  prakash,pos
exclusive  video  briefed,pos
salute  every  mother  wife  daughter  sister  presence  makes  lives  happier  peaceful  better  every  way,pos
"b ""guys  fake  account  tdp  fake  handle  \n\nsuch  shame  tdp  using  womens  name",neg
bys  jagan  mohan  reddy  true,pos
vision  womens  empowerment  impeccable,pos
vision  womens  empowerment  impeccable,pos
ready,pos
bsenior  actress  set  join,pos
leave  join  \nsoon  meet  leader  opposition  ysrcp,pos
join,pos
hey  strong  proofs  go  submit,pos
another  website  followers  please,pos
hey  strong  proofs  go  submit,pos
time  please  watch  hyderabad  commissioner  live  press  meet,pos
bfake  likes  &amp  fake  tweets,neg
makes  us  thingsand  making  day  day  strength  responsibility,pos
real  face  people  always  get  worst  ways  mid  slinging,neg
real  face  people  always  get  worst  ways  mid  slinging,neg
opposition  leader  relentless  fight  vizag  railway  zone  dream  came,neg
makes  us  thingsand  making  day  day  strength  responsibility,pos
bmrlokesh  tdp  data  public  data  illegal  crime  hold  data  given,neg
vote  fan,pos
\nbig  shock  tdp  \nformer  narasaraopet  mp  guntur  west  mla  modugula  venugopal  reddy  join  ysrcp  tomorrow,neg
ys  jagan  hero,pos
guntur  west  mla  modugula  venugopal  reddy  resigned  tdpto  join  ysrcp  soon,pos
bguntur  west  mla  modugula  venugopal  reddy  resigned  tdpto  join  ysrcp  soon,pos
prof  dont  deserve  talk  tvs  youtube  like  money,pos
dear  plz  take  serious  action,pos
bvote  fan,pos
day  sons  criminal  activities  increasing  telugu,neg
tweet  number  \ni  proud  say  tweets  welfare  people  exposing,pos
"b ""no  prof  dont  deserve  talk  tvs  youtube  like",pos
ball  one  package  enjoy  realistic,pos
bthis  tweet  number  \ni  proud  say  tweets  welfare  people,pos
minister  lokesh  resign  failing  duty,neg
day  sons  criminal  activities  increasing,neg
making  way  \n\nap  people  happy  dynamic  leadership  gonna  take,pos
yes  madam  credibly  andhra  pradesh  people  ysrcp,pos
amma  vodi  view  encourage  families  schoolgoing  children  ysrcp  promises  provide  rs  towards,pos
homes  poor  year  ysrcp  promises  build  lakh  homes  poor  permanent  &amp  registered  name,neg
andhra  pradesh  battle  versus  battle  statement  picked  ap,neg
bsir  plz  pay  amount  years  also  manifesto  elections  people,neg
ap  special  statusit  get  industrial  benefits  example  company  going  establish,pos
byears  back  (before  note  vote  case  front  harikrishna  death  body)  babumodipavankcr,neg
mr  \ndata  breach  &amp  fraud  guise  regular  company,neg
bhomes  poor  year  ysrcp  promises  build  lakh  homes  poor  permanent  &amp  registered  name,neg
bban  alcohol  ysrcp  promises  put  place  ban  sale  alcohol  across  state  three,neg
"b ""fee  reimbursement  comprehensive  fee  reimbursement  scheme  line  late  cm  ysrs  vision  plus  complete  fee",pos
bamma  vodi  view  encourage  families  schoolgoing  children  ysrcp  promises  provide  rs,pos
stop  illegal  arrests  harassing  social  media  activists  shame  governance,neg
many  projects  nearly  completed  dr  ysr  shelved  untimely  demise  successive  congress,pos
assurance  farmers  ap  jagan  vows  fulfill  dream  dr  rajasekhar  reddy,pos
openly  questions  moral  ground  resigned  stayed  cm  despite  caught  redhanded,neg
sir  plz  take  issue  ec  supreme,pos
thats  vision  commitment  jagan  always  possess\nwe  like  vision,pos
bmr  \ndata  breach  &amp  fraud  guise  regular  company,neg
bstop  illegal  arrests  harassing  social  media  activists  shame  governance,neg
yes  political  world  gave  postdated  cheques  elections  \nyes  politician  world,pos
answer  congress  clear  openly  saying  trust  noone  ap,pos
yes  rd  law  already  applying  andhra  government  misuses  police,pos
also  sir\nthe  war  (tdp  jsp  yellow,neg
yes  political  world  gave  postdated  cheques  elections  \nyes  politician,pos
also  sir\nthe  war  (tdp  jsp  yellow,neg
bsir  plz  take  issue  ec  supreme,pos
yes  rd  law  already  applying  andhra  government  misuses,pos
furure  hope,pos
"b ""in  andhra  pradesh  battle  versus  battle  statement  picked",neg
openly  questions  moral  ground  resigned  stayed  cm  despite  caught  redhanded,neg
thank  much  assurance  sir,pos
answer  congress  clear  openly  saying  trust  noone  ap  lost,pos
answer  congress  clear  openly  saying  trust  noone,pos
answer  congress  clear  openly  saying  trust  noone,pos
answer  hate  campaigns  fake  news,neg
british  national  poll\nwho  greatest  british  brexit  liar  ever  please,pos
ensure  nd  ur  family  members  names  included  list  ensure  come  vote  april,pos
british  national  poll\nwho  greatest  british  brexit  liar  ever  please,pos
imo  ycp  form  govt  around  assembly  seats  wish  ycp  score,pos
chandra  babu  naidu  failed  use  funds  appropriate  way  able  develop  state  andhra,neg
bensure  nd  ur  family  members  names  included  list  ensure  come  vote,pos
one  goal  fan  get  power,pos
\nin  schorching  summer  heat  better  ride  cycle  might  sunstroke  &amp  cycle  may  even  get  punctured,pos
thanks  bro,pos
thanks  bro,pos
nareshsir  gave  word  stand  thatdont  worry  mp,neg
fan  god\n\nget  \n\nabsolutely  free  book,pos
ready,pos
dear  andhrites\nplease  ensure  long  weekend  polling  dates  spent  ap  go  &amp  vote\n\nits  matter,pos
lies\nno  fake  propaganda\nno  photoshopped  images\nno  data  breach\nno  corruption\nno  land,neg
bplease  give  chance  jagan  anna  regain  ysr  leadership,pos
telugu  people  regional  good  going  telugu,pos
feraind  doubts  \n\nno  sir  sounds  loud  louder  clear,pos
due  surplus  energy  separation  central  govt  picking,pos
wishes  three  advance  \n\ncongratulations  one  \n\nthanks  services  second,pos
jagan  anna  today  speechfull  attack  mode,neg
jagan  anna  today  speechfull  attack  mode,neg
win,pos
bmy  wishes  three  advance  \n\ncongratulations  one  \n\nthanks  services  second,pos
need  change  lets  give  one  chance  ),pos
disastrous  years  govt  lies  fools  ap  &amp  people  drop  hat  without  even  batting,neg
bvote  fan,pos
\nin  schorching  summer  heat  better  ride  cycle  might  sunstroke  &amp  cycle  may  even  get,pos
sir  reslove  village  problem  remain  life  long,neg
number  one  reason  defeat  tdp,neg
due  surplus  energy  separation  central  govt,pos
bplease  ensure  enroll  vote,pos
welcome  schedule  announced  election  commission  optimistic  people  large,pos
lies\nno  fake  propaganda  \nno  false  assurances\nno  tdp,neg
highlight,pos
propaganda  around  capital  jobs  everyone  polavaram  &amp  much  falsehood,neg
bthere  wonder  calling  trying  ap  people  fake,neg
fan  god\n\nget  \n\nabsolutely  free  book,pos
bferaind  doubts  \n\nno  sir  sounds  loud  louder  clear,pos
bafter  disastrous  years  govt  lies  fools  ap  &amp  people  drop  hat  without  even  batting,neg
like  said  checked  vote  since  believe,pos
give  chance  era  new  age  politics,pos
btdp  promise  delivering  drinking  water  tap  connections  restricted  promise,pos
ba  sustainable  framework  employment  must  include  job  creation  strategy\n\ncbn  failed  miserably  provide,neg
vote  development  vote  strong  &amp  stable  govt,pos
welcome  ali  garu  ),pos
thankful  given  first  vote  andhra  pradesh  oust,pos
wish  best,pos
jagan  brings  jobs  ap  trusts  promise  bring  revolutionary  change  lives  unemployed,pos
please  register  votes  dont,pos
bi  welcome  schedule  announced  election  commission  optimistic  people,pos
valuable  gift  given  youth  ap  garu  tenure,pos
cbn  never  win  fair  election  anna,neg
fought  election  name  job  per  family  capital  farmers  welfare  polavaram  women,neg
"b ""dear  andhrites\nplease  ensure  long  weekend  polling  dates  spent  ap  go  &amp  vote\n\nits",pos
cbn  never  win  fair  election  anna,neg
bvote  development  vote  strong  &amp  stable  govt,pos
bwe  thankful  given  first  vote  andhra  pradesh,pos
bafter  years  deafening  publicity  propaganda  lies  time  rajanna,neg
regional  hardly  playing  role  national  level  &amp  voted  national  level  politics,pos
bmost  valuable  gift  given  youth  ap  garu  tenure,pos
bin  fought  election  name  job  per  family  capital  farmers  welfare  polavaram  women,neg
sure  boss  credibility  win,pos
bthis  help  andhra  people  made  choice,pos
coming  days  determine  aps  course  next  years  vote  wisely  andhra,pos
abhivruddi  proper  infrastructure  attract  sw  companies  industries\namaravathi  lo  grand  ga,pos
"b ""the  coming  days  determine  aps  course  next  years  vote  wisely  andhra",pos
bno  lies\nno  fake  propaganda\nno  photoshopped  images\nno  data  breach\nno  corruption\nno,neg
ali  cheppindhi  precisely  jagan  listened  words  gave  commitment,pos
like  said  checked  vote  since,pos
please  register  votes  dont,pos
much  call  management  consists  making  difficult  people,neg
hard  work  \ncredibility  \ncharacter  \ncommitment  \nwaiting  anna  era,neg
bchandra  babu  naidu  failed  use  funds  appropriate  way  able  develop  state,neg
bso  much  call  management  consists  making  difficult  people,neg
bafter  disastrous  years  govt  lies  fools  ap  &amp  people  drop  hat  without  even  batting,neg
babhivruddi  proper  infrastructure  attract  sw  companies  industries\namaravathi  lo  grand  ga,pos
bwish  best,pos
bwhat  number  one  reason  defeat  tdp,neg
bcos  frank  successfully  recognized  social  segments,pos
bno  lies\nno  fake  propaganda  \nno  false  assurances\nno  tdp,neg
bin  propaganda  around  capital  jobs  everyone  polavaram  &amp  much  falsehood,neg
people  looting  us  name  good  governance\nbe  aware  vote,pos
"b ""these  people  looting  us  name  good  governance\nbe  aware  vote",pos
good,pos
best  bro,pos
bwho  win,pos
black  money  bandham  ok  everyone  knows  expected  worst  manshulevvaru,neg
lets  secure  futuresay,pos
bonly  one  goal  fan  get  power,pos
ap  elections  \n\na  clear  choice  between\n\npeoples  leader  vs  peoples  cheater\n\ndevelopment  vs,pos
welcome  ali  garu  ),pos
best,pos
bthis  highlight,pos
kick  bloody  called  national  hindi  south  india  vote,neg
btelugu  people  regional  good  going  telugu,pos
lets  secure  futuresay,pos
true  share  guys,pos
"\nlet\s  give  one  chance   ""all  leader\s  equal  leaders  equal  other\s  )",pos
ni  highlight  cheyyandi,pos
bregional  hardly  playing  role  national  level  &amp  voted  national  level,pos
make  lifes  bright,pos
ni  highlight  cheyyandi,pos
really  tough  choose  vote  among  \n\nwhy,neg
countdown  begin  \nlets  work  hard  achieve  goal  bring  rajannarajyam  together,neg
bneed  cm  sir  work  win  ways,pos
vote  fan,pos
bvote  fan,pos
bossendhuku  ivvi  anisir  hard  workerwhat  tried  done,neg
bget  ready  vote  ycp,pos
"b ""countdown  begin  \nlets  work  hard  achieve  goal  bring  rajannarajyam  together",neg
bap  elections  th  april  best,pos
definitely  big  blow  dont  know  farmers  think  nowbut,pos
"b ""countdown  begin  \nlets  work  hard  achieve  goal  bring  rajannarajyam  together",neg
work  hope  love,pos
\nhe  true  leader,pos
evng  ki  schedule  releasebe  ready,pos
bevng  ki  schedule  releasebe  ready,pos
ban  alcohol\n\nthe  ysrcp  promises  put  place  ban  sale  alcohol  across  state  three,neg
surely  assure  next  cm  andhra,pos
work  hope  love,pos
ban  alcohol\n\nthe  ysrcp  promises  put  place  ban  sale  alcohol  across  state  three,neg
women  fulfill  dream  higher  education  fees  reimbursement  scheme  new  liquor  policy  greatly,pos
bban  alcohol\n\nthe  ysrcp  promises  put  place  ban  sale  alcohol  across  state  three,neg
bban  alcohol\n\nthe  ysrcp  promises  put  place  ban  sale  alcohol  across  state  three,neg
women  fulfill  dream  higher  education  fees  reimbursement  scheme  new  liquor  policy,pos
"mr  building  ap  capital  amaravati  city  clouds  like   ""cloud  computing ""  nothing  concrete",pos
wah  sir  pure  poetry  loved,pos
bro  plzz  tell  charge  sheetsi  want  know,pos
"bmr  building  ap  capital  amaravati  city  clouds  like   ""cloud  computing ""  nothing",pos
welcome,pos
ray  hope,pos
bthe  ray  hope,pos
bthe  ray  hope,pos
leader\nour  passion\nour  motivation\nour  inspirationn\nour  commitment  not\nwe  lucky  enough,pos
idea  exalt  sir  give  benefits  villagers  also,pos
idea  exalt  sir  give  benefits  villagers  also,pos
super  iam  college  student  know  college  treat  students,pos
bour  leader\nour  passion\nour  motivation\nour  inspirationn\nour  commitment  not\nwe  lucky  enough,pos
joke  baga  vesavim,pos
nonsense  turns  compromises,neg
nonsense  turns  compromises,neg
